dependent,independent,alpha,betas,residuals,adj_r2,adf_pvalue,adf_stat
BTCUSDT,"['ADAUSDT', 'BNBUSDT']",-5754.34668903939,"ADAUSDT    38811.088171
BNBUSDT       96.044960
dtype: float64","0        -4947.136649
1        -4965.785742
2        -4990.179230
3        -4964.941478
4        -4993.799885
             ...     
611995    7874.418757
611996    7998.183609
611997    7998.183609
611998    7997.223159
611999    7832.986277
Name: None, Length: 612000, dtype: float64",0.9101597212613759,0.00503686392880207,-3.6402315166696706
BTCUSDT,"['BNBUSDT', 'ADAUSDT']",-5754.346689040827,"BNBUSDT       96.044960
ADAUSDT    38811.088171
dtype: float64","0        -4947.136649
1        -4965.785742
2        -4990.179230
3        -4964.941478
4        -4993.799885
             ...     
611995    7874.418757
611996    7998.183609
611997    7998.183609
611998    7997.223159
611999    7832.986277
Name: None, Length: 612000, dtype: float64",0.9101597212613768,0.0050368639287997445,-3.6402315166698083
XLMUSDT,"['BTCUSDT', 'ADAUSDT']",-0.21263922661864498,"BTCUSDT    0.000003
ADAUSDT    0.365676
dtype: float64","0         0.016572
1         0.016475
2         0.016464
3         0.016387
4         0.015808
            ...   
611995    0.064821
611996    0.064805
611997    0.064805
611998    0.063655
611999    0.063605
Name: None, Length: 612000, dtype: float64",0.9147720623753455,0.0029065345838906863,-3.800076286026776
XLMUSDT,"['ADAUSDT', 'BTCUSDT']",-0.21263922661544515,"ADAUSDT    0.365676
BTCUSDT    0.000003
dtype: float64","0         0.016572
1         0.016475
2         0.016464
3         0.016387
4         0.015808
            ...   
611995    0.064821
611996    0.064805
611997    0.064805
611998    0.063655
611999    0.063605
Name: None, Length: 612000, dtype: float64",0.9147720623753465,0.002906534583800213,-3.8000762860356216
BTCUSDT,"['BNBUSDT', 'XRPUSDT']",13853.554315227131,"BNBUSDT       78.720384
XRPUSDT    12457.251429
dtype: float64","0        -3778.294303
1        -3786.132456
2        -3805.328572
3        -3792.304705
4        -3774.095270
             ...     
611995   -2958.448822
611996   -2865.785755
611997   -2866.408618
611998   -2865.950097
611999   -3000.561953
Name: None, Length: 612000, dtype: float64",0.9267248223911047,0.01097869684191337,-3.399418911219216
BTCUSDT,"['XRPUSDT', 'BNBUSDT']",13853.554315239158,"XRPUSDT    12457.251429
BNBUSDT       78.720384
dtype: float64","0        -3778.294303
1        -3786.132456
2        -3805.328572
3        -3792.304705
4        -3774.095270
             ...     
611995   -2958.448822
611996   -2865.785755
611997   -2866.408618
611998   -2865.950097
611999   -3000.561953
Name: None, Length: 612000, dtype: float64",0.926724822391105,0.01097869684191931,-3.3994189112190427
BTCUSDT,"['BNBUSDT', 'XLMUSDT']",11448.581911806094,"BNBUSDT       80.364654
XLMUSDT    78569.404996
dtype: float64","0        -4343.207291
1        -4351.703152
2        -4371.392549
3        -4345.370781
4        -4320.638712
             ...     
611995    1214.682529
611996    1319.317408
611997    1319.317408
611998    1408.868577
611999    1275.373488
Name: None, Length: 612000, dtype: float64",0.9232063135590762,0.0019203066100275563,-3.915984848468328
BTCUSDT,"['XLMUSDT', 'BNBUSDT']",11448.58191180461,"XLMUSDT    78569.404996
BNBUSDT       80.364654
dtype: float64","0        -4343.207291
1        -4351.703152
2        -4371.392549
3        -4345.370781
4        -4320.638712
             ...     
611995    1214.682529
611996    1319.317408
611997    1319.317408
611998    1408.868577
611999    1275.373488
Name: None, Length: 612000, dtype: float64",0.9232063135590751,0.0019203066100303607,-3.9159848484679256
BTCUSDT,"['SOLUSDT', 'XRPUSDT']",24433.2698274671,"SOLUSDT      194.180696
XRPUSDT    15515.017401
dtype: float64","0        -11433.317049
1        -11440.735960
2        -11464.472161
3        -11487.617261
4        -11463.112749
              ...     
611995     3376.998323
611996     3362.438178
611997     3358.749717
611998     3381.661095
611999     3391.370130
Name: None, Length: 612000, dtype: float64",0.9007393004654682,0.0027306593071555313,-3.817768889989788
BTCUSDT,"['XRPUSDT', 'SOLUSDT']",24433.269827467593,"XRPUSDT    15515.017401
SOLUSDT      194.180696
dtype: float64","0        -11433.317049
1        -11440.735960
2        -11464.472161
3        -11487.617261
4        -11463.112749
              ...     
611995     3376.998323
611996     3362.438178
611997     3358.749717
611998     3381.661095
611999     3391.370130
Name: None, Length: 612000, dtype: float64",0.9007393004654687,0.0027306593071558,-3.81776888998976
BCHUSDT,"['BTCUSDT', 'DAIUSDT']",1.430470325525235e-13,"BTCUSDT   -1.831979e-17
DAIUSDT    1.000000e+00
dtype: float64","0         5.996315e-13
1         6.000755e-13
2         6.001866e-13
3         6.006307e-13
4         6.014078e-13
              ...     
611995    1.401546e-12
611996    1.401657e-12
611997    1.401657e-12
611998    1.401657e-12
611999    1.401657e-12
Name: None, Length: 612000, dtype: float64",1.0,0.5079676284052191,-1.5513623205512677
BCHUSDT,"['DAIUSDT', 'BTCUSDT']",1.2805701377766043e-11,"DAIUSDT    1.000000e+00
BTCUSDT   -5.277575e-17
dtype: float64","0        -1.167277e-11
1        -1.167155e-11
2        -1.167133e-11
3        -1.167011e-11
4        -1.166789e-11
              ...     
611995   -9.349854e-12
611996   -9.349521e-12
611997   -9.349521e-12
611998   -9.349521e-12
611999   -9.349521e-12
Name: None, Length: 612000, dtype: float64",1.0,0.4918236092499895,-1.5836054301981475
DAIUSDT,"['BTCUSDT', 'BCHUSDT']",1.430470325525235e-13,"BTCUSDT   -1.831979e-17
BCHUSDT    1.000000e+00
dtype: float64","0         5.996315e-13
1         6.000755e-13
2         6.001866e-13
3         6.006307e-13
4         6.014078e-13
              ...     
611995    1.401546e-12
611996    1.401657e-12
611997    1.401657e-12
611998    1.401657e-12
611999    1.401657e-12
Name: None, Length: 612000, dtype: float64",1.0,0.5079676284052191,-1.5513623205512677
DAIUSDT,"['BCHUSDT', 'BTCUSDT']",1.2805701377766043e-11,"BCHUSDT    1.000000e+00
BTCUSDT   -5.277575e-17
dtype: float64","0        -1.167277e-11
1        -1.167155e-11
2        -1.167133e-11
3        -1.167011e-11
4        -1.166789e-11
              ...     
611995   -9.349854e-12
611996   -9.349521e-12
611997   -9.349521e-12
611998   -9.349521e-12
611999   -9.349521e-12
Name: None, Length: 612000, dtype: float64",1.0,0.4918236092499895,-1.5836054301981475
BCHUSDT,"['ETHUSDT', 'DAIUSDT']",2.454932958306788e-13,"ETHUSDT    5.410803e-19
DAIUSDT    1.000000e+00
dtype: float64","0        -1.683098e-13
1        -1.683098e-13
2        -1.683098e-13
3        -1.681988e-13
4        -1.681988e-13
              ...     
611995   -1.691980e-13
611996   -1.691980e-13
611997   -1.691980e-13
611998   -1.691980e-13
611999   -1.691980e-13
Name: None, Length: 612000, dtype: float64",1.0,0.9602089861795658,0.020676581238854075
BCHUSDT,"['DAIUSDT', 'ETHUSDT']",-1.7045670430704263e-12,"DAIUSDT    1.000000e+00
ETHUSDT   -1.940711e-17
dtype: float64","0        -1.250111e-13
1        -1.250111e-13
2        -1.250111e-13
3        -1.255662e-13
4        -1.254552e-13
              ...     
611995   -1.024736e-13
611996   -1.024736e-13
611997   -1.024736e-13
611998   -1.024736e-13
611999   -1.024736e-13
Name: None, Length: 612000, dtype: float64",1.0,0.0,-19.675133605500733
DAIUSDT,"['ETHUSDT', 'BCHUSDT']",2.454932958306788e-13,"ETHUSDT    5.410803e-19
BCHUSDT    1.000000e+00
dtype: float64","0        -1.683098e-13
1        -1.683098e-13
2        -1.683098e-13
3        -1.681988e-13
4        -1.681988e-13
              ...     
611995   -1.691980e-13
611996   -1.691980e-13
611997   -1.691980e-13
611998   -1.691980e-13
611999   -1.691980e-13
Name: None, Length: 612000, dtype: float64",1.0,0.9602089861795658,0.020676581238854075
DAIUSDT,"['BCHUSDT', 'ETHUSDT']",-1.7045670430704263e-12,"BCHUSDT    1.000000e+00
ETHUSDT   -1.940711e-17
dtype: float64","0        -1.250111e-13
1        -1.250111e-13
2        -1.250111e-13
3        -1.255662e-13
4        -1.254552e-13
              ...     
611995   -1.024736e-13
611996   -1.024736e-13
611997   -1.024736e-13
611998   -1.024736e-13
611999   -1.024736e-13
Name: None, Length: 612000, dtype: float64",1.0,0.0,-19.675133605500733
ADAUSDT,"['LINKUSDT', 'XLMUSDT']",0.012059151531349656,"LINKUSDT    0.022715
XLMUSDT     1.117287
dtype: float64","0         0.098526
1         0.098626
2         0.098626
3         0.098626
4         0.098347
            ...   
611995   -0.038652
611996   -0.038312
611997   -0.038993
611998   -0.036913
611999   -0.036517
Name: None, Length: 612000, dtype: float64",0.9452904699133863,0.00038068382007534665,-4.338541076488669
ADAUSDT,"['XLMUSDT', 'LINKUSDT']",0.012059151531393083,"XLMUSDT     1.117287
LINKUSDT    0.022715
dtype: float64","0         0.098526
1         0.098626
2         0.098626
3         0.098626
4         0.098347
            ...   
611995   -0.038652
611996   -0.038312
611997   -0.038993
611998   -0.036913
611999   -0.036517
Name: None, Length: 612000, dtype: float64",0.9452904699133857,0.00038068382007555633,-4.338541076488532
XLMUSDT,"['ADAUSDT', 'XRPUSDT']",-0.06176700307790432,"ADAUSDT    0.275494
XRPUSDT    0.080301
dtype: float64","0        -0.022359
1        -0.022387
2        -0.022387
3        -0.022471
4        -0.022874
            ...   
611995    0.016674
611996    0.016609
611997    0.016605
611998    0.015463
611999    0.015413
Name: None, Length: 612000, dtype: float64",0.9446239937703309,0.0007643285447973664,-4.161748921033538
XLMUSDT,"['XRPUSDT', 'ADAUSDT']",-0.061767003077871085,"XRPUSDT    0.080301
ADAUSDT    0.275494
dtype: float64","0        -0.022359
1        -0.022387
2        -0.022387
3        -0.022471
4        -0.022874
            ...   
611995    0.016674
611996    0.016609
611997    0.016605
611998    0.015463
611999    0.015413
Name: None, Length: 612000, dtype: float64",0.9446239937703312,0.000764328544797933,-4.161748921033348
ADAUSDT,"['XRPUSDT', 'AVAXUSDT']",-0.06792050719698767,"XRPUSDT     0.215434
AVAXUSDT    0.012669
dtype: float64","0         0.039976
1         0.040076
2         0.039190
3         0.038267
4         0.039385
            ...   
611995   -0.023333
611996   -0.023506
611997   -0.023517
611998   -0.023495
611999   -0.023495
Name: None, Length: 612000, dtype: float64",0.9268040595290803,0.006755722983411184,-3.5516429803429626
ADAUSDT,"['AVAXUSDT', 'XRPUSDT']",-0.06792050719701707,"AVAXUSDT    0.012669
XRPUSDT     0.215434
dtype: float64","0         0.039976
1         0.040076
2         0.039190
3         0.038267
4         0.039385
            ...   
611995   -0.023333
611996   -0.023506
611997   -0.023517
611998   -0.023495
611999   -0.023495
Name: None, Length: 612000, dtype: float64",0.9268040595290804,0.006755722983409221,-3.551642980343052
BCHUSDT,"['ADAUSDT', 'DAIUSDT']",2.1228678537266177e-13,"ADAUSDT   -3.557151e-15
DAIUSDT    1.000000e+00
dtype: float64","0        -2.025047e-13
1        -2.025047e-13
2        -2.025047e-13
3        -2.025047e-13
4        -2.025047e-13
              ...     
611995   -2.023937e-13
611996   -2.023937e-13
611997   -2.023937e-13
611998   -2.023937e-13
611999   -2.023937e-13
Name: None, Length: 612000, dtype: float64",1.0,0.9585320860600599,4.800392400166483e-14
BCHUSDT,"['DAIUSDT', 'ADAUSDT']",-1.8365591165914186e-12,"DAIUSDT    1.000000e+00
ADAUSDT   -3.944546e-15
dtype: float64","0        -1.296740e-13
1        -1.296740e-13
2        -1.296740e-13
3        -1.303402e-13
4        -1.303402e-13
              ...     
611995   -1.043610e-13
611996   -1.043610e-13
611997   -1.043610e-13
611998   -1.043610e-13
611999   -1.043610e-13
Name: None, Length: 612000, dtype: float64",1.0,0.0,-22.006225260906106
DAIUSDT,"['ADAUSDT', 'BCHUSDT']",2.1228678537266177e-13,"ADAUSDT   -3.557151e-15
BCHUSDT    1.000000e+00
dtype: float64","0        -2.025047e-13
1        -2.025047e-13
2        -2.025047e-13
3        -2.025047e-13
4        -2.025047e-13
              ...     
611995   -2.023937e-13
611996   -2.023937e-13
611997   -2.023937e-13
611998   -2.023937e-13
611999   -2.023937e-13
Name: None, Length: 612000, dtype: float64",1.0,0.9585320860600599,4.800392400166483e-14
DAIUSDT,"['BCHUSDT', 'ADAUSDT']",-1.8365591165914186e-12,"BCHUSDT    1.000000e+00
ADAUSDT   -3.944546e-15
dtype: float64","0        -1.296740e-13
1        -1.296740e-13
2        -1.296740e-13
3        -1.303402e-13
4        -1.303402e-13
              ...     
611995   -1.043610e-13
611996   -1.043610e-13
611997   -1.043610e-13
611998   -1.043610e-13
611999   -1.043610e-13
Name: None, Length: 612000, dtype: float64",1.0,0.0,-22.006225260906106
ADAUSDT,"['XLMUSDT', 'AVAXUSDT']",0.020396478224281558,"XLMUSDT     1.487796
AVAXUSDT    0.008630
dtype: float64","0         0.048468
1         0.048568
2         0.047964
3         0.047489
4         0.048746
            ...   
611995   -0.015626
611996   -0.015626
611997   -0.015626
611998   -0.013915
611999   -0.013841
Name: None, Length: 612000, dtype: float64",0.9601532148527858,6.652363417994141e-06,-5.259067761030516
ADAUSDT,"['AVAXUSDT', 'XLMUSDT']",0.02039647822427987,"AVAXUSDT    0.008630
XLMUSDT     1.487796
dtype: float64","0         0.048468
1         0.048568
2         0.047964
3         0.047489
4         0.048746
            ...   
611995   -0.015626
611996   -0.015626
611997   -0.015626
611998   -0.013915
611999   -0.013841
Name: None, Length: 612000, dtype: float64",0.9601532148527857,6.652363417988468e-06,-5.2590677610306935
XLMUSDT,"['ADAUSDT', 'AVAXUSDT']",-0.012221619923391342,"ADAUSDT     0.630125
AVAXUSDT   -0.005128
dtype: float64","0        -0.035096
1        -0.035159
2        -0.034800
3        -0.034518
4        -0.035312
            ...   
611995    0.021941
611996    0.021941
611997    0.021941
611998    0.020791
611999    0.020741
Name: None, Length: 612000, dtype: float64",0.9446367183651017,7.933950234130878e-06,-5.22181196441203
XLMUSDT,"['AVAXUSDT', 'ADAUSDT']",-0.012221619923327829,"AVAXUSDT   -0.005128
ADAUSDT     0.630125
dtype: float64","0        -0.035096
1        -0.035159
2        -0.034800
3        -0.034518
4        -0.035312
            ...   
611995    0.021941
611996    0.021941
611997    0.021941
611998    0.020791
611999    0.020741
Name: None, Length: 612000, dtype: float64",0.9446367183651022,7.933950234146521e-06,-5.221811964411611
BCHUSDT,"['BNBUSDT', 'DAIUSDT']",3.2449780709709053e-13,"BNBUSDT   -2.739342e-17
DAIUSDT    1.000000e+00
dtype: float64","0        -1.654232e-13
1        -1.654232e-13
2        -1.654232e-13
3        -1.653122e-13
4        -1.653122e-13
              ...     
611995   -1.592060e-13
611996   -1.593170e-13
611997   -1.593170e-13
611998   -1.593170e-13
611999   -1.592060e-13
Name: None, Length: 612000, dtype: float64",1.0,1.3721594922001837e-22,-12.177985554991592
BCHUSDT,"['DAIUSDT', 'BNBUSDT']",-1.8658698718032607e-12,"DAIUSDT    1.000000e+00
BNBUSDT   -7.961600e-18
dtype: float64","0        -1.112443e-13
1        -1.112443e-13
2        -1.112443e-13
3        -1.119105e-13
4        -1.119105e-13
              ...     
611995   -8.359979e-14
611996   -8.371082e-14
611997   -8.371082e-14
611998   -8.371082e-14
611999   -8.359979e-14
Name: None, Length: 612000, dtype: float64",1.0,0.0,-22.11732782569813
DAIUSDT,"['BNBUSDT', 'BCHUSDT']",3.2449780709709053e-13,"BNBUSDT   -2.739342e-17
BCHUSDT    1.000000e+00
dtype: float64","0        -1.654232e-13
1        -1.654232e-13
2        -1.654232e-13
3        -1.653122e-13
4        -1.653122e-13
              ...     
611995   -1.592060e-13
611996   -1.593170e-13
611997   -1.593170e-13
611998   -1.593170e-13
611999   -1.592060e-13
Name: None, Length: 612000, dtype: float64",1.0,1.3721594922001837e-22,-12.177985554991592
DAIUSDT,"['BCHUSDT', 'BNBUSDT']",-1.8658698718032607e-12,"BCHUSDT    1.000000e+00
BNBUSDT   -7.961600e-18
dtype: float64","0        -1.112443e-13
1        -1.112443e-13
2        -1.112443e-13
3        -1.119105e-13
4        -1.119105e-13
              ...     
611995   -8.359979e-14
611996   -8.371082e-14
611997   -8.371082e-14
611998   -8.371082e-14
611999   -8.359979e-14
Name: None, Length: 612000, dtype: float64",1.0,0.0,-22.11732782569813
BCHUSDT,"['DOGEUSDT', 'DAIUSDT']",8.39051050860462e-14,"DOGEUSDT   -9.225483e-15
DAIUSDT     1.000000e+00
dtype: float64","0        -1.529887e-13
1        -1.529887e-13
2        -1.529887e-13
3        -1.529887e-13
4        -1.529887e-13
              ...     
611995   -1.513234e-13
611996   -1.513234e-13
611997   -1.513234e-13
611998   -1.513234e-13
611999   -1.513234e-13
Name: None, Length: 612000, dtype: float64",1.0,5.776469531039809e-30,-17.281712786956273
BCHUSDT,"['DAIUSDT', 'DOGEUSDT']",-1.841553385478756e-12,"DAIUSDT     1.000000e+00
DOGEUSDT    1.796711e-14
dtype: float64","0        -1.496581e-13
1        -1.496581e-13
2        -1.496581e-13
3        -1.504352e-13
4        -1.504352e-13
              ...     
611995   -1.257883e-13
611996   -1.257883e-13
611997   -1.257883e-13
611998   -1.257883e-13
611999   -1.257883e-13
Name: None, Length: 612000, dtype: float64",1.0,0.0,-21.687262372352084
DAIUSDT,"['DOGEUSDT', 'BCHUSDT']",8.39051050860462e-14,"DOGEUSDT   -9.225483e-15
BCHUSDT     1.000000e+00
dtype: float64","0        -1.529887e-13
1        -1.529887e-13
2        -1.529887e-13
3        -1.529887e-13
4        -1.529887e-13
              ...     
611995   -1.513234e-13
611996   -1.513234e-13
611997   -1.513234e-13
611998   -1.513234e-13
611999   -1.513234e-13
Name: None, Length: 612000, dtype: float64",1.0,5.776469531039809e-30,-17.281712786956273
DAIUSDT,"['BCHUSDT', 'DOGEUSDT']",-1.841553385478756e-12,"BCHUSDT     1.000000e+00
DOGEUSDT    1.796711e-14
dtype: float64","0        -1.496581e-13
1        -1.496581e-13
2        -1.496581e-13
3        -1.504352e-13
4        -1.504352e-13
              ...     
611995   -1.257883e-13
611996   -1.257883e-13
611997   -1.257883e-13
611998   -1.257883e-13
611999   -1.257883e-13
Name: None, Length: 612000, dtype: float64",1.0,0.0,-21.687262372352084
BCHUSDT,"['LINKUSDT', 'DAIUSDT']",1.8378224289627987e-13,"LINKUSDT   -1.595827e-15
DAIUSDT     1.000000e+00
dtype: float64","0        -2.731149e-13
1        -2.731149e-13
2        -2.731149e-13
3        -2.731149e-13
4        -2.730038e-13
              ...     
611995   -2.718936e-13
611996   -2.718936e-13
611997   -2.718936e-13
611998   -2.718936e-13
611999   -2.720046e-13
Name: None, Length: 612000, dtype: float64",1.0,2.7178977374556084e-05,-4.955365734290812
BCHUSDT,"['DAIUSDT', 'LINKUSDT']",-1.868987169889591e-12,"DAIUSDT     1.000000e+00
LINKUSDT    3.586263e-17
dtype: float64","0        -1.414424e-13
1        -1.414424e-13
2        -1.414424e-13
3        -1.421085e-13
4        -1.421085e-13
              ...     
611995   -1.159073e-13
611996   -1.159073e-13
611997   -1.159073e-13
611998   -1.159073e-13
611999   -1.159073e-13
Name: None, Length: 612000, dtype: float64",1.0,0.0,-22.019293984125525
DAIUSDT,"['LINKUSDT', 'BCHUSDT']",1.8378224289627987e-13,"LINKUSDT   -1.595827e-15
BCHUSDT     1.000000e+00
dtype: float64","0        -2.731149e-13
1        -2.731149e-13
2        -2.731149e-13
3        -2.731149e-13
4        -2.730038e-13
              ...     
611995   -2.718936e-13
611996   -2.718936e-13
611997   -2.718936e-13
611998   -2.718936e-13
611999   -2.720046e-13
Name: None, Length: 612000, dtype: float64",1.0,2.7178977374556084e-05,-4.955365734290812
DAIUSDT,"['BCHUSDT', 'LINKUSDT']",-1.868987169889591e-12,"BCHUSDT     1.000000e+00
LINKUSDT    3.586263e-17
dtype: float64","0        -1.414424e-13
1        -1.414424e-13
2        -1.414424e-13
3        -1.421085e-13
4        -1.421085e-13
              ...     
611995   -1.159073e-13
611996   -1.159073e-13
611997   -1.159073e-13
611998   -1.159073e-13
611999   -1.159073e-13
Name: None, Length: 612000, dtype: float64",1.0,0.0,-22.019293984125525
BCHUSDT,"['SOLUSDT', 'DAIUSDT']",7.941217128326628e-14,"SOLUSDT   -5.650088e-15
DAIUSDT    1.000000e+00
dtype: float64","0         4.346523e-13
1         4.355405e-13
2         4.363176e-13
3         4.374279e-13
4         4.376499e-13
              ...     
611995    5.656586e-13
611996    5.658807e-13
611997    5.659917e-13
611998    5.653256e-13
611999    5.651035e-13
Name: None, Length: 612000, dtype: float64",1.0,0.14387618036888727,-2.392458795547497
BCHUSDT,"['DAIUSDT', 'SOLUSDT']",-1.8702383391966393e-12,"DAIUSDT    1.000000e+00
SOLUSDT   -5.736362e-15
dtype: float64","0         4.372058e-13
1         4.382050e-13
2         4.389822e-13
3         4.394263e-13
4         4.396483e-13
              ...     
611995    5.951906e-13
611996    5.954126e-13
611997    5.955236e-13
611998    5.948575e-13
611999    5.945244e-13
Name: None, Length: 612000, dtype: float64",1.0,0.007652618381484921,-3.5132757842130253
DAIUSDT,"['SOLUSDT', 'BCHUSDT']",7.941217128326628e-14,"SOLUSDT   -5.650088e-15
BCHUSDT    1.000000e+00
dtype: float64","0         4.346523e-13
1         4.355405e-13
2         4.363176e-13
3         4.374279e-13
4         4.376499e-13
              ...     
611995    5.656586e-13
611996    5.658807e-13
611997    5.659917e-13
611998    5.653256e-13
611999    5.651035e-13
Name: None, Length: 612000, dtype: float64",1.0,0.14387618036888727,-2.392458795547497
DAIUSDT,"['BCHUSDT', 'SOLUSDT']",-1.8702383391966393e-12,"BCHUSDT    1.000000e+00
SOLUSDT   -5.736362e-15
dtype: float64","0         4.372058e-13
1         4.382050e-13
2         4.389822e-13
3         4.394263e-13
4         4.396483e-13
              ...     
611995    5.951906e-13
611996    5.954126e-13
611997    5.955236e-13
611998    5.948575e-13
611999    5.945244e-13
Name: None, Length: 612000, dtype: float64",1.0,0.007652618381484921,-3.5132757842130253
BCHUSDT,"['WBTC', 'DAIUSDT']",2.737424870113969e-12,"WBTC       1.544869e-13
DAIUSDT    1.000000e+00
dtype: float64","0        -3.925749e-13
1        -3.925749e-13
2        -3.925749e-13
3        -3.917977e-13
4        -3.917977e-13
              ...     
611995   -4.244383e-13
611996   -4.244383e-13
611997   -4.244383e-13
611998   -4.244383e-13
611999   -4.244383e-13
Name: None, Length: 612000, dtype: float64",1.0,0.0,-20.140459529409593
BCHUSDT,"['DAIUSDT', 'WBTC']",-2.3753251969516054e-12,"DAIUSDT    1.000000e+00
WBTC       4.867100e-13
dtype: float64","0         5.273559e-14
1         5.273559e-14
2         5.273559e-14
3         5.218048e-14
4         5.218048e-14
              ...     
611995    7.627232e-14
611996    7.627232e-14
611997    7.627232e-14
611998    7.627232e-14
611999    7.627232e-14
Name: None, Length: 612000, dtype: float64",1.0,3.775994203852212e-21,-11.533792479180546
DAIUSDT,"['WBTC', 'BCHUSDT']",2.737424870113969e-12,"WBTC       1.544869e-13
BCHUSDT    1.000000e+00
dtype: float64","0        -3.925749e-13
1        -3.925749e-13
2        -3.925749e-13
3        -3.917977e-13
4        -3.917977e-13
              ...     
611995   -4.244383e-13
611996   -4.244383e-13
611997   -4.244383e-13
611998   -4.244383e-13
611999   -4.244383e-13
Name: None, Length: 612000, dtype: float64",1.0,0.0,-20.140459529409593
DAIUSDT,"['BCHUSDT', 'WBTC']",-2.3753251969516054e-12,"BCHUSDT    1.000000e+00
WBTC       4.867100e-13
dtype: float64","0         5.273559e-14
1         5.273559e-14
2         5.273559e-14
3         5.218048e-14
4         5.218048e-14
              ...     
611995    7.627232e-14
611996    7.627232e-14
611997    7.627232e-14
611998    7.627232e-14
611999    7.627232e-14
Name: None, Length: 612000, dtype: float64",1.0,3.775994203852212e-21,-11.533792479180546
BCHUSDT,"['XRPUSDT', 'DAIUSDT']",9.641809919913591e-14,"XRPUSDT   -9.705083e-15
DAIUSDT    1.000000e+00
dtype: float64","0        -2.640110e-13
1        -2.640110e-13
2        -2.640110e-13
3        -2.641221e-13
4        -2.641221e-13
              ...     
611995   -2.465805e-13
611996   -2.465805e-13
611997   -2.465805e-13
611998   -2.465805e-13
611999   -2.465805e-13
Name: None, Length: 612000, dtype: float64",1.0,6.849905361026376e-07,-5.723647433824136
BCHUSDT,"['DAIUSDT', 'XRPUSDT']",-1.9068817705414354e-12,"DAIUSDT    1.000000e+00
XRPUSDT   -3.109711e-15
dtype: float64","0        -1.068035e-13
1        -1.068035e-13
2        -1.068035e-13
3        -1.074696e-13
4        -1.074696e-13
              ...     
611995   -7.627232e-14
611996   -7.627232e-14
611997   -7.627232e-14
611998   -7.627232e-14
611999   -7.627232e-14
Name: None, Length: 612000, dtype: float64",1.0,0.0,-21.493879320283188
DAIUSDT,"['XRPUSDT', 'BCHUSDT']",9.641809919913591e-14,"XRPUSDT   -9.705083e-15
BCHUSDT    1.000000e+00
dtype: float64","0        -2.640110e-13
1        -2.640110e-13
2        -2.640110e-13
3        -2.641221e-13
4        -2.641221e-13
              ...     
611995   -2.465805e-13
611996   -2.465805e-13
611997   -2.465805e-13
611998   -2.465805e-13
611999   -2.465805e-13
Name: None, Length: 612000, dtype: float64",1.0,6.849905361026376e-07,-5.723647433824136
DAIUSDT,"['BCHUSDT', 'XRPUSDT']",-1.9068817705414354e-12,"BCHUSDT    1.000000e+00
XRPUSDT   -3.109711e-15
dtype: float64","0        -1.068035e-13
1        -1.068035e-13
2        -1.068035e-13
3        -1.074696e-13
4        -1.074696e-13
              ...     
611995   -7.627232e-14
611996   -7.627232e-14
611997   -7.627232e-14
611998   -7.627232e-14
611999   -7.627232e-14
Name: None, Length: 612000, dtype: float64",1.0,0.0,-21.493879320283188
XLMUSDT,"['XRPUSDT', 'AVAXUSDT']",-0.05749334140376311,"XRPUSDT     0.140907
AVAXUSDT    0.002776
dtype: float64","0        -0.007514
1        -0.007514
2        -0.007708
3        -0.008009
4        -0.008100
            ...   
611995    0.000162
611996    0.000050
611997    0.000043
611998   -0.001093
611999   -0.001143
Name: None, Length: 612000, dtype: float64",0.9062001698101615,0.01684380252173124,-3.258394668383778
XLMUSDT,"['AVAXUSDT', 'XRPUSDT']",-0.057493341403770166,"AVAXUSDT    0.002776
XRPUSDT     0.140907
dtype: float64","0        -0.007514
1        -0.007514
2        -0.007708
3        -0.008009
4        -0.008100
            ...   
611995    0.000162
611996    0.000050
611997    0.000043
611998   -0.001093
611999   -0.001143
Name: None, Length: 612000, dtype: float64",0.9062001698101613,0.016843802521730157,-3.2583946683838003
BCHUSDT,"['DAIUSDT', 'LTCUSDT']",-1.8134382884227307e-12,"DAIUSDT    1.000000e+00
LTCUSDT   -7.515261e-16
dtype: float64","0        -1.030287e-13
1        -1.030287e-13
2        -1.030287e-13
3        -1.036948e-13
4        -1.035838e-13
              ...     
611995   -3.919087e-14
611996   -3.919087e-14
611997   -3.919087e-14
611998   -3.919087e-14
611999   -3.941292e-14
Name: None, Length: 612000, dtype: float64",1.0,6.32894361910122e-30,-17.21547666607565
BCHUSDT,"['LTCUSDT', 'DAIUSDT']",1.8471205467940344e-13,"LTCUSDT   -3.822947e-16
DAIUSDT    1.000000e+00
dtype: float64","0        -2.300382e-13
1        -2.300382e-13
2        -2.300382e-13
3        -2.300382e-13
4        -2.300382e-13
              ...     
611995   -2.093881e-13
611996   -2.093881e-13
611997   -2.093881e-13
611998   -2.093881e-13
611999   -2.094991e-13
Name: None, Length: 612000, dtype: float64",1.0,0.012645551239110445,-3.3536136896552273
DAIUSDT,"['BCHUSDT', 'LTCUSDT']",-1.8134382884227307e-12,"BCHUSDT    1.000000e+00
LTCUSDT   -7.515261e-16
dtype: float64","0        -1.030287e-13
1        -1.030287e-13
2        -1.030287e-13
3        -1.036948e-13
4        -1.035838e-13
              ...     
611995   -3.919087e-14
611996   -3.919087e-14
611997   -3.919087e-14
611998   -3.919087e-14
611999   -3.941292e-14
Name: None, Length: 612000, dtype: float64",1.0,6.32894361910122e-30,-17.21547666607565
DAIUSDT,"['LTCUSDT', 'BCHUSDT']",1.8471205467940344e-13,"LTCUSDT   -3.822947e-16
BCHUSDT    1.000000e+00
dtype: float64","0        -2.300382e-13
1        -2.300382e-13
2        -2.300382e-13
3        -2.300382e-13
4        -2.300382e-13
              ...     
611995   -2.093881e-13
611996   -2.093881e-13
611997   -2.093881e-13
611998   -2.093881e-13
611999   -2.094991e-13
Name: None, Length: 612000, dtype: float64",1.0,0.012645551239110445,-3.3536136896552273
BCHUSDT,"['DAIUSDT', 'XLMUSDT']",-1.7762258677778142e-12,"DAIUSDT    1.000000e+00
XLMUSDT   -2.332772e-13
dtype: float64","0        -2.264855e-13
1        -2.264855e-13
2        -2.264855e-13
3        -2.270406e-13
4        -2.270406e-13
              ...     
611995   -1.578737e-13
611996   -1.578737e-13
611997   -1.578737e-13
611998   -1.580958e-13
611999   -1.580958e-13
Name: None, Length: 612000, dtype: float64",1.0,2.1183955633888735e-22,-12.091407774990666
BCHUSDT,"['XLMUSDT', 'DAIUSDT']",2.419410158327473e-13,"XLMUSDT   -9.061669e-14
DAIUSDT    1.000000e+00
dtype: float64","0        -1.705303e-13
1        -1.705303e-13
2        -1.705303e-13
3        -1.705303e-13
4        -1.705303e-13
              ...     
611995   -1.546541e-13
611996   -1.546541e-13
611997   -1.546541e-13
611998   -1.547651e-13
611999   -1.547651e-13
Name: None, Length: 612000, dtype: float64",1.0,0.3087768343600631,-1.9503082938783547
DAIUSDT,"['BCHUSDT', 'XLMUSDT']",-1.7762258677778142e-12,"BCHUSDT    1.000000e+00
XLMUSDT   -2.332772e-13
dtype: float64","0        -2.264855e-13
1        -2.264855e-13
2        -2.264855e-13
3        -2.270406e-13
4        -2.270406e-13
              ...     
611995   -1.578737e-13
611996   -1.578737e-13
611997   -1.578737e-13
611998   -1.580958e-13
611999   -1.580958e-13
Name: None, Length: 612000, dtype: float64",1.0,2.1183955633888735e-22,-12.091407774990666
DAIUSDT,"['XLMUSDT', 'BCHUSDT']",2.419410158327473e-13,"XLMUSDT   -9.061669e-14
BCHUSDT    1.000000e+00
dtype: float64","0        -1.705303e-13
1        -1.705303e-13
2        -1.705303e-13
3        -1.705303e-13
4        -1.705303e-13
              ...     
611995   -1.546541e-13
611996   -1.546541e-13
611997   -1.546541e-13
611998   -1.547651e-13
611999   -1.547651e-13
Name: None, Length: 612000, dtype: float64",1.0,0.3087768343600631,-1.9503082938783547
BCHUSDT,"['DAIUSDT', 'AVAXUSDT']",-1.8645389052163175e-12,"DAIUSDT     1.000000e+00
AVAXUSDT   -2.500558e-15
dtype: float64","0        -1.358913e-13
1        -1.358913e-13
2        -1.356693e-13
3        -1.362244e-13
4        -1.362244e-13
              ...     
611995   -1.509903e-13
611996   -1.509903e-13
611997   -1.509903e-13
611998   -1.509903e-13
611999   -1.509903e-13
Name: None, Length: 612000, dtype: float64",1.0,1.1931273353124057e-27,-14.972839425939332
BCHUSDT,"['AVAXUSDT', 'DAIUSDT']",1.845125614796661e-13,"AVAXUSDT   -2.137957e-15
DAIUSDT     1.000000e+00
dtype: float64","0        -2.285949e-13
1        -2.285949e-13
2        -2.283729e-13
3        -2.283729e-13
4        -2.283729e-13
              ...     
611995   -2.626788e-13
611996   -2.626788e-13
611997   -2.626788e-13
611998   -2.626788e-13
611999   -2.626788e-13
Name: None, Length: 612000, dtype: float64",1.0,0.08336975880664155,-2.6485632037067393
DAIUSDT,"['BCHUSDT', 'AVAXUSDT']",-1.8645389052163175e-12,"BCHUSDT     1.000000e+00
AVAXUSDT   -2.500558e-15
dtype: float64","0        -1.358913e-13
1        -1.358913e-13
2        -1.356693e-13
3        -1.362244e-13
4        -1.362244e-13
              ...     
611995   -1.509903e-13
611996   -1.509903e-13
611997   -1.509903e-13
611998   -1.509903e-13
611999   -1.509903e-13
Name: None, Length: 612000, dtype: float64",1.0,1.1931273353124057e-27,-14.972839425939332
DAIUSDT,"['AVAXUSDT', 'BCHUSDT']",1.845125614796661e-13,"AVAXUSDT   -2.137957e-15
BCHUSDT     1.000000e+00
dtype: float64","0        -2.285949e-13
1        -2.285949e-13
2        -2.283729e-13
3        -2.283729e-13
4        -2.283729e-13
              ...     
611995   -2.626788e-13
611996   -2.626788e-13
611997   -2.626788e-13
611998   -2.626788e-13
611999   -2.626788e-13
Name: None, Length: 612000, dtype: float64",1.0,0.08336975880664155,-2.6485632037067393
